CREATE DATABASE  IF NOT EXISTS `bulak_smart_connect` /*!40100 DEFAULT CHARACTER SET utf8mb4 COLLATE utf8mb4_0900_ai_ci */ /*!80016 DEFAULT ENCRYPTION='N' */;
USE `bulak_smart_connect`;
-- MySQL dump 10.13  Distrib 8.0.41, for Win64 (x86_64)
--
-- Host: 127.0.0.1    Database: bulak_smart_connect
-- ------------------------------------------------------
-- Server version	8.0.41

/*!40101 SET @OLD_CHARACTER_SET_CLIENT=@@CHARACTER_SET_CLIENT */;
/*!40101 SET @OLD_CHARACTER_SET_RESULTS=@@CHARACTER_SET_RESULTS */;
/*!40101 SET @OLD_COLLATION_CONNECTION=@@COLLATION_CONNECTION */;
/*!50503 SET NAMES utf8 */;
/*!40103 SET @OLD_TIME_ZONE=@@TIME_ZONE */;
/*!40103 SET TIME_ZONE='+00:00' */;
/*!40014 SET @OLD_UNIQUE_CHECKS=@@UNIQUE_CHECKS, UNIQUE_CHECKS=0 */;
/*!40014 SET @OLD_FOREIGN_KEY_CHECKS=@@FOREIGN_KEY_CHECKS, FOREIGN_KEY_CHECKS=0 */;
/*!40101 SET @OLD_SQL_MODE=@@SQL_MODE, SQL_MODE='NO_AUTO_VALUE_ON_ZERO' */;
/*!40111 SET @OLD_SQL_NOTES=@@SQL_NOTES, SQL_NOTES=0 */;

--
-- Table structure for table `counters`
--

DROP TABLE IF EXISTS `counters`;
/*!40101 SET @saved_cs_client     = @@character_set_client */;
/*!50503 SET character_set_client = utf8mb4 */;
CREATE TABLE `counters` (
  `id` int NOT NULL AUTO_INCREMENT,
  `status` enum('active','inactive') NOT NULL DEFAULT 'active',
  `current_queue_id` int DEFAULT NULL,
  `name` varchar(255) NOT NULL,
  PRIMARY KEY (`id`),
  UNIQUE KEY `REL_dbbe4f9e33d2ec7b384c2a63e9` (`current_queue_id`),
  KEY `fk_current_queue` (`current_queue_id`),
  CONSTRAINT `fk_current_queue` FOREIGN KEY (`current_queue_id`) REFERENCES `queues` (`id`)
) ENGINE=InnoDB DEFAULT CHARSET=utf8mb4 COLLATE=utf8mb4_0900_ai_ci;
/*!40101 SET character_set_client = @saved_cs_client */;

--
-- Dumping data for table `counters`
--

LOCK TABLES `counters` WRITE;
/*!40000 ALTER TABLE `counters` DISABLE KEYS */;
/*!40000 ALTER TABLE `counters` ENABLE KEYS */;
UNLOCK TABLES;

--
-- Table structure for table `queue_details`
--

DROP TABLE IF EXISTS `queue_details`;
/*!40101 SET @saved_cs_client     = @@character_set_client */;
/*!50503 SET character_set_client = utf8mb4 */;
CREATE TABLE `queue_details` (
  `id` int NOT NULL AUTO_INCREMENT,
  `queue_id` int NOT NULL,
  `user_id` int DEFAULT NULL,
  `address` varchar(255) DEFAULT NULL,
  `reason_of_visit` varchar(255) NOT NULL,
  `first_name` varchar(255) NOT NULL,
  `last_name` varchar(255) NOT NULL,
  `middle_initial` varchar(255) DEFAULT NULL,
  `phone_number` varchar(255) DEFAULT NULL,
  `appointment_type` varchar(255) NOT NULL,
  PRIMARY KEY (`id`),
  KEY `fk_queue_id` (`queue_id`),
  KEY `fk_user_id` (`user_id`),
  CONSTRAINT `fk_queue_id` FOREIGN KEY (`queue_id`) REFERENCES `queues` (`id`) ON DELETE CASCADE,
  CONSTRAINT `fk_user_id` FOREIGN KEY (`user_id`) REFERENCES `users` (`id`) ON DELETE SET NULL
) ENGINE=InnoDB DEFAULT CHARSET=utf8mb4 COLLATE=utf8mb4_0900_ai_ci;
/*!40101 SET character_set_client = @saved_cs_client */;

--
-- Dumping data for table `queue_details`
--

LOCK TABLES `queue_details` WRITE;
/*!40000 ALTER TABLE `queue_details` DISABLE KEYS */;
/*!40000 ALTER TABLE `queue_details` ENABLE KEYS */;
UNLOCK TABLES;

--
-- Table structure for table `queues`
--

DROP TABLE IF EXISTS `queues`;
/*!40101 SET @saved_cs_client     = @@character_set_client */;
/*!50503 SET character_set_client = utf8mb4 */;
CREATE TABLE `queues` (
  `id` int NOT NULL AUTO_INCREMENT,
  `status` enum('pending','serving','completed','cancelled') NOT NULL DEFAULT 'pending',
  `created_at` datetime(6) NOT NULL DEFAULT CURRENT_TIMESTAMP(6),
  `completed_at` datetime DEFAULT NULL,
  `estimated_wait_time` int DEFAULT NULL,
  `queue_number` varchar(255) NOT NULL,
  `counter_number` varchar(255) DEFAULT NULL,
  PRIMARY KEY (`id`),
  UNIQUE KEY `IDX_9d936a491c2462a7025c841a17` (`queue_number`)
) ENGINE=InnoDB DEFAULT CHARSET=utf8mb4 COLLATE=utf8mb4_0900_ai_ci;
/*!40101 SET character_set_client = @saved_cs_client */;

--
-- Dumping data for table `queues`
--

LOCK TABLES `queues` WRITE;
/*!40000 ALTER TABLE `queues` DISABLE KEYS */;
/*!40000 ALTER TABLE `queues` ENABLE KEYS */;
UNLOCK TABLES;

--
-- Table structure for table `roles`
--

DROP TABLE IF EXISTS `roles`;
/*!40101 SET @saved_cs_client     = @@character_set_client */;
/*!50503 SET character_set_client = utf8mb4 */;
CREATE TABLE `roles` (
  `id` int NOT NULL AUTO_INCREMENT,
  `description` varchar(255) DEFAULT NULL,
  `name` varchar(255) NOT NULL,
  PRIMARY KEY (`id`),
  UNIQUE KEY `IDX_648e3f5447f725579d7d4ffdfb` (`name`)
) ENGINE=InnoDB AUTO_INCREMENT=17 DEFAULT CHARSET=utf8mb4 COLLATE=utf8mb4_0900_ai_ci;
/*!40101 SET character_set_client = @saved_cs_client */;

--
-- Dumping data for table `roles`
--

LOCK TABLES `roles` WRITE;
/*!40000 ALTER TABLE `roles` DISABLE KEYS */;
INSERT INTO `roles` VALUES (1,'Has all permissions and can manage other admins','super_admin'),(2,'Can manage staff and citizens','admin'),(3,'Can process applications and manage citizen requests','staff'),(4,'Regular user of the system','citizen');
/*!40000 ALTER TABLE `roles` ENABLE KEYS */;
UNLOCK TABLES;

--
-- Table structure for table `user_roles`
--

DROP TABLE IF EXISTS `user_roles`;
/*!40101 SET @saved_cs_client     = @@character_set_client */;
/*!50503 SET character_set_client = utf8mb4 */;
CREATE TABLE `user_roles` (
  `user_id` int NOT NULL,
  `role_id` int NOT NULL,
  PRIMARY KEY (`user_id`,`role_id`),
  KEY `IDX_87b8888186ca9769c960e92687` (`user_id`),
  KEY `IDX_b23c65e50a758245a33ee35fda` (`role_id`),
  CONSTRAINT `FK_87b8888186ca9769c960e926870` FOREIGN KEY (`user_id`) REFERENCES `users` (`id`) ON DELETE CASCADE ON UPDATE CASCADE,
  CONSTRAINT `FK_b23c65e50a758245a33ee35fda1` FOREIGN KEY (`role_id`) REFERENCES `roles` (`id`) ON DELETE CASCADE ON UPDATE CASCADE
) ENGINE=InnoDB DEFAULT CHARSET=utf8mb4 COLLATE=utf8mb4_0900_ai_ci;
/*!40101 SET character_set_client = @saved_cs_client */;

--
-- Dumping data for table `user_roles`
--

LOCK TABLES `user_roles` WRITE;
/*!40000 ALTER TABLE `user_roles` DISABLE KEYS */;
INSERT INTO `user_roles` VALUES (3,4),(5,4),(6,2),(7,1),(8,3);
/*!40000 ALTER TABLE `user_roles` ENABLE KEYS */;
UNLOCK TABLES;

--
-- Table structure for table `users`
--

DROP TABLE IF EXISTS `users`;
/*!40101 SET @saved_cs_client     = @@character_set_client */;
/*!50503 SET character_set_client = utf8mb4 */;
CREATE TABLE `users` (
  `id` int NOT NULL AUTO_INCREMENT,
  `email` varchar(255) NOT NULL,
  `username` varchar(255) NOT NULL,
  `password` varchar(255) NOT NULL,
  `name` varchar(255) NOT NULL,
  `contact_number` varchar(20) DEFAULT NULL,
  `created_at` datetime(6) NOT NULL DEFAULT CURRENT_TIMESTAMP(6),
  `default_role_id` int DEFAULT NULL,
  `first_name` varchar(255) NOT NULL,
  `middle_name` varchar(255) DEFAULT NULL,
  `last_name` varchar(255) NOT NULL,
  `name_extension` varchar(10) DEFAULT NULL,
  PRIMARY KEY (`id`),
  UNIQUE KEY `IDX_97672ac88f789774dd47f7c8be` (`email`),
  UNIQUE KEY `IDX_fe0bb3f6520ee0469504521e71` (`username`),
  KEY `FK_2fb360b97dd407361f763e9c463` (`default_role_id`),
  CONSTRAINT `FK_2fb360b97dd407361f763e9c463` FOREIGN KEY (`default_role_id`) REFERENCES `roles` (`id`)
) ENGINE=InnoDB AUTO_INCREMENT=11 DEFAULT CHARSET=utf8mb4 COLLATE=utf8mb4_0900_ai_ci;
/*!40101 SET character_set_client = @saved_cs_client */;

--
-- Dumping data for table `users`
--

LOCK TABLES `users` WRITE;
/*!40000 ALTER TABLE `users` DISABLE KEYS */;
INSERT INTO `users` VALUES (3,'test@example.com','test','$2b$10$iIou9eUq7VHJEloIyItGJOrt9B6ykW6h5ZGuGTjzyFHE9ZT41i7Qm','Test User',NULL,'2025-04-14 20:56:08.248933',4,'',NULL,'',NULL),(5,'meee@meee.com','meee','$2b$10$KB62CK3vioFk5so8k56EqO0Sl1Q0V8mQxGUieWvzt2947pprP2bnm','Karlo Robert Wagan',NULL,'2025-04-14 20:56:08.248933',4,'',NULL,'',NULL),(6,'admin@example.com','admin','$2b$10$oFpTU0U73YZPA.szNm2UHe22GtJY6k3yrGi2qa3txYzOD7EG2h.hq','Admin User',NULL,'2025-04-15 21:09:29.718738',2,'',NULL,'',NULL),(7,'superadmin@example.com','superadmin','$2b$10$oFpTU0U73YZPA.szNm2UHe22GtJY6k3yrGi2qa3txYzOD7EG2h.hq','Super Admin User',NULL,'2025-04-15 21:09:29.724504',1,'',NULL,'',NULL),(8,'staff@example.com','staff','$2b$10$oFpTU0U73YZPA.szNm2UHe22GtJY6k3yrGi2qa3txYzOD7EG2h.hq','Staff User',NULL,'2025-04-15 21:09:29.729303',3,'',NULL,'',NULL);
/*!40000 ALTER TABLE `users` ENABLE KEYS */;
UNLOCK TABLES;

--
-- Dumping events for database 'bulak_smart_connect'
--

--
-- Dumping routines for database 'bulak_smart_connect'
--
/*!40103 SET TIME_ZONE=@OLD_TIME_ZONE */;

/*!40101 SET SQL_MODE=@OLD_SQL_MODE */;
/*!40014 SET FOREIGN_KEY_CHECKS=@OLD_FOREIGN_KEY_CHECKS */;
/*!40014 SET UNIQUE_CHECKS=@OLD_UNIQUE_CHECKS */;
/*!40101 SET CHARACTER_SET_CLIENT=@OLD_CHARACTER_SET_CLIENT */;
/*!40101 SET CHARACTER_SET_RESULTS=@OLD_CHARACTER_SET_RESULTS */;
/*!40101 SET COLLATION_CONNECTION=@OLD_COLLATION_CONNECTION */;
/*!40111 SET SQL_NOTES=@OLD_SQL_NOTES */;

-- Dump completed on 2025-05-13 22:34:19
